1	PSD95 PDZ3	1BE9		KNYKQTSV	0
2	PSD95 PDZ3	1BE9		KNYKQMSV	2.5
3	PSD95 PDZ3	1BE9	A H372F	KNYKQTSV	1.7
4	PSD95 PDZ3	1BE9	A H372F	KNYKQMSV	1.1
5	PTPN13 PDZ2	1VJ6		YLVTSV	0
6	PTPN13 PDZ2	1VJ6		YLVMSV	1.8
7	PTPN13 PDZ2	1VJ6	A H78F	YLVTSV	1
8	PTPN13 PDZ2	1VJ6	A H78F	YLVMSV	0.5
9	PAR3 PDZ3	2K20		DEDQHSQITKV	0
10	PAR3 PDZ3	2K20		DEDQHSQIMKV	-0.5
11	PAR3 PDZ3	2K20	A N80F	DEDQHSQITKV	1.3
12	PAR3 PDZ3	2K20	A N80F	DEDQHSQIMKV	0.9
13	ERBIN PDZ	1N7T		TGWETWV	0
14	ERBIN PDZ	1N7T		TGWEMWV	1.8
15	ERBIN PDZ	1N7T	A H79F	TGWETWV	0.9
16	ERBIN PDZ	1N7T	A H79F	TGWEMWV	0.9
17	MAGI1 PDZ1	2I04		RRETQV	0
18	MAGI1 PDZ1	2I04		RREMQV	3.4
19	MAGI1 PDZ1	2I04	A H512F	RRETQV	3
20	MAGI1 PDZ1	2I04	A H512F	RREMQV	2.6
21	SYNT PDZ	1QAV		SIESDV	0
22	SYNT PDZ	1QAV		SIEMDV	1.2
23	SYNT PDZ	1QAV		SIEADV	1.8
24	SYNT PDZ	1QAV		SIEWDV	1.8
25	SYNT PDZ	1QAV	A H142F	SIESDV	1.1
26	SYNT PDZ	1QAV	A H142F	SIEMDV	0.4
27	SYNT PDZ	1QAV	A H142F	SIEADV	0.5
28	SYNT PDZ	1QAV	A H142F	SIEWDV	1.3
1	SNX27-PDZ domain	3QDO	TGWETWV
2	SNX27-PDZ domain	3QDO	KNYKQTSV
3	SNX27-PDZ domain	3QDO	EEESRF
4	SNX27-PDZ domain	3QDO	YLVTSV
5	SNX27-PDZ domain	3QDO	ESLESCF
6	SNX27-PDZ domain	3QDO	ESESKV
7	SNX27-PDZ domain	3QDO	DEDQHSQITKV
8	SNX27-PDZ domain	3QDO	YMQTVL
9	SNX27-PDZ domain	3QDO	RRETQV
10	SNX27-PDZ domain	3QDO	SIESDV
11	SNX27-PDZ domain	3QDO	MQTSKL
12	SNX27-PDZ domain	3QDO	ASESKV
13	SNX27-PDZ domain	3QDO	TNDSLL
14	SNX27-PDZ domain	3QDO	EKVSCV
15	SNX27-PDZ domain	3QDO	TTESDL
16	SNX27-PDZ domain	3QDO	HTSTLL
17	SNX27-PDZ domain	3QDO	TNDSPL
18	SNX27-PDZ domain	3QDO	KQSSSTL
19	SNX27-PDZ domain	3QDO	EISVGL
20	SNX27-PDZ domain	3QDO	NKVTDL
21	SNX27-PDZ domain	3QDO	RRESEI
22	SNX27-PDZ domain	3QDO	LGATGL
23	SNX27-PDZ domain	3QDO	GMNKPV
24	SNX27-PDZ domain	3QDO	TNDSLLA
25	SNX27-PDZ domain	3QDO	YKKTEV
26	NHERF1-PDZ1	1G9O	TGWETWV
27	NHERF1-PDZ1	1G9O	KNYKQTSV
28	NHERF1-PDZ1	1G9O	EEESRF
29	NHERF1-PDZ1	1G9O	YLVTSV
30	NHERF1-PDZ1	1G9O	ESLESCF
31	NHERF1-PDZ1	1G9O	ESESKV
32	NHERF1-PDZ1	1G9O	DEDQHSQITKV
33	NHERF1-PDZ1	1G9O	YMQTVL
34	NHERF1-PDZ1	1G9O	RRETQV
35	NHERF1-PDZ1	1G9O	SIESDV
36	NHERF1-PDZ1	1G9O	MQTSKL
37	NHERF1-PDZ1	1G9O	ASESKV
38	NHERF1-PDZ1	1G9O	TNDSLL
39	NHERF1-PDZ1	1G9O	EKVSCV
40	NHERF1-PDZ1	1G9O	TTESDL
41	NHERF1-PDZ1	1G9O	HTSTLL
42	NHERF1-PDZ1	1G9O	TNDSPL
43	NHERF1-PDZ1	1G9O	KQSSSTL
44	NHERF1-PDZ1	1G9O	EISVGL
45	NHERF1-PDZ1	1G9O	NKVTDL
46	NHERF1-PDZ1	1G9O	RRESEI
47	NHERF1-PDZ1	1G9O	LGATGL
48	NHERF1-PDZ1	1G9O	GMNKPV
49	NHERF1-PDZ1	1G9O	TNDSLLA
50	NHERF1-PDZ1	1G9O	YKKTEV
